Product_Name,Diff,Total_Order,Total_GMV
" Love Beauty & Planet Volume and Bounty, Coconut Water & Mimosa Flower Conditioner 400ml",34,1,41500
"""SGM Ananda Advance+ Soya 2 (6-12 Bulan) Formula Soya Bubuk 400 GR""",2,19,1535692
"""SGM Bunda Complinutri Cokelat Susu Bubuk Khusus Ibu Hamil & Menyusui 300 GR""",33,1,65800
3M Nexcare Earloop Daily Kids Masker 3pcs,30,3,1950000
Absolute Feminine Hygiene 150ml - SP,17,1,30750
Absolute Hypoallergenic Youth Revitalize 150ml,31,1,46096
AmanBayiku Kait Laci dan Lemari,28,1,24220
AmanBayiku Protected Handle Lock,28,1,25463
Andalan Feminine Care Revitalize - 60 mL,11,2,10680
Aquadi Hand Sanitizer 100ml Pump,28,1,50000
Babiesfirst Baby Bath Scoop Green,28,1,25600
BabiesFirst Bf701c BabiesFirst Kids Rubber Sock Shoes Motif Elephant,0,1,91000
BabiesFirst Bf701d BabiesFirst Kids Rubber Sock Shoes Motif Fox,22,1,104000
Babiesfirst Silicone Baby Bib Shark,0,1,46200
Baby Happy Pants  XL 26+4,6,2,277536
Baby Happy Pants L 20,26,10,350000
Baby Happy Pants L 20+2,12,3,107138
Baby Happy Pants L 30+4,4,30,407620.1818
Baby Happy Pants M 20+2,6,4,160187.3333
Baby Happy Pants M 34+4,6,23,460773.5556
Baby Happy Pants M 34+6 MKTG,15,3,1200000
Baby Happy Pants XXL 24+4,1,8,214966
Baby Mile Maritsa Red M,17,1,135000
Babymax Natural Detergent 1000ml (MRK),39,1,98000
Babymax Natural Detergent Travel Size 100ml,28,1,23000
Baju Libby Atasan Kancing Pundak,0,1,51000
Bantal Set Print Dasar Pink,4,1,62800
Bebe Roosie Telon Cream 60gr,4,3,34928
Bebelac 3 Bebenutri Vanila 1800gr Box,21,21,2923400
Bebelac 3 HIQ EQ Susu Pertumbuhan  Madu  1800 gr,2,2,396376
Bebelac 3 HIQ EQ Susu Pertumbuhan Madu 400 gr,27,1,125000
Bebelac 3 HIQ EQ Susu Pertumbuhan Madu 800 gr,12,2,482724
Bebelac 3 HIQ EQ Susu Pertumbuhan Vanilla 800 gr,3,103,6566231.667
Bebelac 4 Hiq Eq Susu Pertumbuhan Vanilla 1800 Gr,16,21,2551292.667
Bebelac 4 Hiq Eq Susu Pertumbuhan Vanilla 800 Gr,13,14,1323918
Bebelac 4 HiQ-EQ - Vanila 1000gr,27,2,133500
Bebelac 4 HIQ-EQ Susu Pertumbuhan - Madu - 1800 Gr,23,52,1936154.222
Bebelac 4 HIQ-EQ Susu Pertumbuhan - Madu - 800 Gr,11,59,3661154.4
Bebelac Gold 3 HIQ-EQ Susu Pertumbuhan - Vanila - 360 Gr,5,5,681750
Bebelac Gold 3 HIQ-EQ Susu Pertumbuhan - Vanila - 700 Gr,18,28,1196355.556
Bebelac Gold 3 Soya Vanilla 700g,7,17,603600
Bebelove 1 Plain  800gr Tin,12,59,3334676.8
Bebelove 1Plain 1800gr Box,8,49,2907200
Bebelove 2 Susu Formula 1800gr,19,60,7091285.333
Bebelove 2 Susu Formula 800gr,13,23,2302396.667
Bebelove Gold 1 700gr Box,7,12,814940
Bebelove Gold 1 700gr Box NED,14,1,787800
Bebelove Gold 1 Soya 170g,11,1,36000
Bebelove Gold 2 360gr Box,9,2,138000
Bebelove Gold 2 700gr Box,15,35,2244200
Belli To Baby Essential Oil Cool & Fresh 10ml,33,2,170000
Belli To Baby Essential Oil Eucalyptus 10ml,16,1,153200
Belli To Baby Essential Oil Fever Go Away 10ml,30,6,1032086
Belli To Baby Essential Oil Lavender 10ml,35,2,300000
Belli To Baby Essential Oil Peppermint 10ml,35,1,150000
Belly Bandit BFF Brown-S,28,1,870359
Bilna Gift E-Voucher Rp500.000,5,2,1000000
Bilna Muslin Swaddle Stars,35,1,59400
Biore Lotion UV Aqua Rich Watery Essence SPF50 50g,1,16,1880181
Biore Pore Pack Cherry Blossom 4'S,29,1,20600
BKA Kantong Asi 100 ml (Isi 30 pcs),34,1,424980
BKA Kantong ASI 120ml (Isi 30 Pcs),9,6,54466.66667
BKA Office Pack Gel (Isi: 1 Besar + 1 Sedang),30,1,28600
Blackmores Glucosamine Sulfate 1500,9,1,298900
Blackmores I-Folic (150 Tablet),19,2,322600
Blackmores Pregnancy & Breast-Feeding Gold (120 Tablet),5,2,445500
Blackmores Pregnancy & Breast-Feeding Gold (180 caps),25,1,412100
Blackmores Pregnancy & Breast-Feeding Gold (60 Tablet),3,9,219881.1429
Blackmores Vitamin C 500mg 60 Tablets,37,3,11860400
Blemil Kids 3 800gr,29,1,300800
Bling Microfiber Stripe Mop,27,1,56800
Bling Microfiber Stripe Mop Refill,27,1,40900
Bolde Spray Mop Xtra Ungu Jingga,23,1,132403
Breast Pads by Softex Maternity,4,1,55000
Buy 2 Get 1 Pigeon Liquid Cleanser Refill 450ml,14,5,3405350
Carefree SD Pulp-Filled SC 20 Pink,11,1,11660
Casa Di Oliva Olive Oil For Kids 250ML,4,1,57800
CDR SWEET ORANGE TAB EFF 10,1,2,119000
Cetaphil Baby Daily Lotion 400ml,22,1,145000
Cetaphil Baby Gentle Wash & Shampoo 230ml,15,122,3857633.333
Cetaphil Baby Shampoo 200ml,29,1,83800
Cetaphil Gentle Skin Cleanser Btl 250ml,38,1,118900
Cetaphil Gentle Skin Cleanser Btl 59ml,38,1,38900
Cetaphil Oily Skin Cleanser 125ml,38,2,309800
Cetaphil Oily Skin Cleanser 125ml - SP,13,1,677688
Charm Body Fit Frag. Extra Maxi Wing 18P,14,4,21800
Clear Shampoo Anti Ketombe green Apple Fresh 170ml,10,9,56400
Closeup Pasta Gigi Ever Fresh 160g,41,1,28800
Cocolatte Weeler CL 6956 Music & Soothe Bouncer,1,1,240000
Confidence Adult Pants M 16's SP,17,1,236400
Confidence Adult Premium M 15's,17,1,112900
Confidence Adult Premium XL 6's,36,1,45600
Crayola 24 Ct. Colored Pencils - Long,3,1,100300
Crayola Marker Marker Starter Kit,3,1,261700
Curcuma Plus Susu Bubuk Ekstrak Temulawak - Strawberry 350g,10,1,119600
Curcuma Plus Susu Bubuk Ekstrak Temulawak - Vanilla 750g,11,1,129800
Cussons Baby Cologne Beautiful Sunshine 100ml,4,2,14100
Cussons Baby Cologne Cheerful Smile 100ml,8,4,50600
Cussons Baby Cologne Lovely Kiss 100ml,6,2,14100
Cussons Baby Cologne Soft Touch 100ml,4,3,25200
Cussons Baby Cologne Sparkling Joy 100ml,14,1,17200
Cussons Baby Cotton Buds 50's Reguler,4,13,12077.77778
Cussons Baby Cream Fresh & Nourish 50gr,8,8,99000
Cussons Baby Cream Mild & Gentle 50gr,1,10,163175
Cussons Baby Cream Protect Care Diaper Rash 50gr,0,6,22675
Cussons Baby Cream Soft & Smooth 50gr,1,10,94700
Cussons Baby Hair & Body Wash 100ml,3,9,8968
Cussons Baby Hair & Body Wash Mild & Gentle Pouch 400ml,22,1,26300
Cussons Baby Hair & Body Wash Mild & Gentle Pump 400ml,23,1,27300
Cussons Baby Hair Lotion Candle Nut & Celery 200ml,14,1,82500
Cussons Baby Hair Lotion Coconut Oil & Aloe Vera 100ml,9,1,21400
Cussons Baby Hair Lotion Coconut Oil & Aloe Vera 200ml,4,1,21400
Cussons Baby Happy Fresh Hair & Body Wash Pouch 400ml,14,3,39450
Cussons Baby Happy Fresh Lotion 200ml,18,2,19850
Cussons Baby Liquid Cleanser 300ml,3,3,21733.33333
Cussons Baby Liquid Cleanser 700ml,4,3,43100
Cussons Baby Liquid Cleanser Bottle 450ml,7,2,28100
Cussons Baby Lotion Fresh & Nourish 200ml,4,3,32600
Cussons Baby Lotion Mild & Gentle 200ml,8,2,39200
Cussons Baby Lotion Soft & Smooth 200ml,8,4,29825
Cussons Baby Medium Pack,3,1,28100
Cussons Baby Milk Bath Fresh & Nourish 200ml,16,1,18900
Cussons Baby Milk Bath Fresh & Nourish Pouch 400ml,8,5,331500
Cussons Baby Milk Bath Soft & Smooth 200ml,8,1,17900
Cussons Baby Milk Bath Soft & Smooth Pouch 400ml,14,2,23300
Cussons Baby Milk Bath Soft & Smooth Pump 400ml,8,2,90900
Cussons Baby Moscare Skin Protection Lotion 100gr,12,5,42133.33333
Cussons Baby Natural Hair Oil Candle Nut 100ml,23,1,154500
Cussons Baby Newborn Cream 50gr,4,4,21466.66667
Cussons Baby Newborn Hair & Body Wash 200ml,4,2,37800
Cussons Baby Newborn Hair & Body Wash Pouch 400ml,8,2,73300
Cussons Baby Newborn Lotion 100ml,4,3,26000
Cussons Baby Oil Mild & Gentle 100ml,22,1,14800
Cussons Baby Oil Natural 100ml,4,2,58500
Cussons Baby Oil Soft & Smooth 100ml,23,1,14800
Cussons Baby Pack (Blue or Pink),3,2,34300
Cussons Baby Sensicare 24hr Daily Moisturizing Lotion 200ml,21,9,1127700
Cussons Baby Sensicare Gentle Hair & Body Wash 200ml,15,2,206000
Cussons Baby Sensicare Intensive Soothing Cream 50gr,15,2,102000
Cussons Baby Shampoo Candle Nut & Celery 200ml,8,4,110400
Cussons Baby Telon Oil Plus 60ml,4,1,17800
Cussons Baby Wipes Mild & Gentle 50 Sheet (Isi 2),0,10,49266.66667
Cussons Baby Wipes Soft & Smooth 50 Sheet X 2,4,8,84825
Cussons Kids Body Wash Hot Wheels Fresh & Clean 250ml,10,1,15800
Cussons Kids Body Wash Hot Wheels Fresh & Clean 350ml,22,1,22700
Cussons Kids Body Wash Naura Active & Nourish 250ml,12,1,31000
Cussons Kids Body Wash Unicorn Soft & Smooth 250ml,8,3,108500
Cussons Kids Hair & Body Cologne Hot Wheels Fresh Apple 100ml,3,5,22100
Cussons Kids Hair & Body Cologne Naura Fruity Berries 100ml,15,3,54000
Cussons Kids Hair & Body Cologne Unicorn Strawberry Smoothie 100ml,15,1,13500
Cussons Kids Pasta Gigi Hot Wheels Fresh Apple 45gr,1,5,5575
Cussons Kids Pasta Gigi Hot Wheels Sparkling Orange 45gr,3,2,17650
Cussons Kids Pasta Gigi Unicorn Frutty Berries 45gr,1,5,22812.5
Cussons Kids Pasta Gigi Unicorn Strawberry Smoothie 45gr,23,1,4400
Cussons Kids Shampoo Hot Wheels Fresh & Nourish 200ml,22,1,13200
Cussons Kids Shampoo Naura Black & Shiny 200ml,4,1,10100
Cussons Kids Shampoo Unicorn Soft & Smooth Shampoo 200ml,10,1,11100
Cussons Kids Sikat Gigi Hot Wheels Soft 5-7 Years,1,8,7862.5
Cussons Kids Sikat Gigi Unicorn Soft 5-7 Years,0,5,16950
Dacco Mama Nipple Wipes,2,1,20200
Dacco Mama Pad 3D (Isi 24 pcs),10,1,20000
Dacco Mama Pad isi 56,3,1,39600
Dancow 1+ Coklat 800gr,32,1,312000
Dancow 1+ Madu 800g,18,7,774500
Dancow 1+ Vanilla Advn Extra Nutri 1000g,1,1,94200
Dancow 3+ Madu 800g,15,1,78000
Dancow Coklat 3+ DHA Probiotic 800gr Box MKTG,15,4,227200
Dancow Vanila 1+ DHA Probiotic 800g Box,6,4,290000
Dee-Dee Facial Wash Grape 100gr,38,1,16900
Dettol Sabun Cuci Tangan Re-energize-Pouch-200ml-Hand Wash,31,3,93775
Dettol Sabun Cuci Tangan Skincare-Pump-225ml-Hand Wash,31,3,133650
Dialogue Baby Carrier3 In 1+Kantung Cute Series - Orange,2,1,261140
Doctor Dolphin Inflatable Armpit Ring,7,1,29400
Doctor Dolphin Inflatable Baby Bathtub,7,1,46200
Doctor Dolphin Round Inflatable Baby Pool,7,1,29400
Doctor Dolphin Square Inflatable Baby Pool,7,2,46200
Doodle Exclusive Telon Oil 100ml,0,4,50433.33333
Dove Aqua Moisture Sabun Cair Isi Ulang 400ml,38,1,25100
Dove Deeply Nourishing Sabun Cair Isi Ulang 400ml,32,1,31900
Dove Deeply Nourishing Sabun Cair Pump 550ml,3,1,52300
Dove go Fresh Fresh Touch Sabun Cair Botol 400ml,32,1,32500
Down to Earth Korean Premium Kids Mask No 1 Motif Forest Size S,19,1,100000
Down to Earth Korean Premium Kids Mask No 2 Motif Hello Dino Size M,19,1,100000
Down to Earth Korean Premium Kids Mask No 7 Motif Kitten Size S,10,1,100000
Dr.Brown's  PreVent Glow in the dark Sheep (0-6m) Blue,21,2,259218
Dr.Brown's PP Wide Neck Options Bottle 270ml (Isi 2) Blue,10,1,255200
Drypers Drypantz Celana Popok - L 28,14,1,45900
Drypers Drypantz Celana Popok - L 48,12,2,80800
Drypers Drypantz Celana Popok - M 60,24,2,132150
Drypers Drypantz Celana Popok - S 24,25,1,30800
Drypers Drypantz Celana Popok - XL 24,16,1,42600
Drypers Drypantz Celana Popok - XL 42,12,1,67400
Emco Superdough Mini Maker Amazing Extrunder,31,1,35000
Enfagrow A+ 3 Vanila 2400 (4X600) Box,0,9,4028852.667
Enfagrow A+ 4 Vanila 2400 (4X600) Box - SP,34,1,500000
Enfagrow A+3 Susu Formula Pertumbuhan Batita-Vanila-1800g,5,1,625900
Enfagrow A+3 Susu Formula Pertumbuhan Batita-Vanila-400g,24,1,550400
Enfagrow A+3 Vanilla (1800gr X2) Free Megablock -Special Edition,30,19,36604475
Enfagrow A+4 Susu  Pertumbuhan Balita-Vanila-1200g (SP),32,2,300000
Enfagrow A+4 Susu Formula Pertumbuhan Balita-Madu-1200g (SP),34,1,200000
Enfagrow A+4 Susu Formula Pertumbuhan Balita-Vanila-800g New,4,1,264500
Enfagrow A+4 Vanilla (1800gr X2) Free Megablock -Special Edition,7,2,861911
Enfamil A+ Lacto Free Susu Formula Bayi Bebas Laktosa-400g,20,2,1691480
Enfamil A+1 Susu Formula Bayi - Plain - 1800g,31,4,1748200
Enfamil A+1 Susu Formula Bayi - Plain - 400g,8,1,155800
Enfamil A+2 Plain 1800gr (Box),33,3,2908493
Enfamil A+Gentle Care Susu Formula Gangguan Pencernaan-900g,40,1,357200
Ensure Susu Chocolate Klg 1000g,20,1,278300
Enzim Anak-anak 63gr/ 50ml (Orange),3,1,12600
Enzim Anak-anak 63gr/ 50ml (Strawberry),1,2,11750
Enzim Anak-anak 63gr/ 50ml (Tutty Fruity),10,1,12600
Ergobaby Carrier Omni 360 Playtime (Limited Edition),5,2,12560800
Eskulin Kids Bath Soap Princess Ariel Vit E 750ml,35,2,125800
Eskulin Kids Hair Lotion Gentle Care 100ml,39,1,15800
Eskulin Kids Hand Sanitizer Mickey 50ml,20,7,361100
Eskulin Kids Shower Gel Cinderella 250ml,11,2,16376
Eskulin Kids Splash Cologne Princess Ariel 125ml,12,2,15450
Eskulin Mist Cologne Minnie 60ml,1,1,8700
Eve Maternity Nursing Bra BH156 38,4,1,48300
Eve Maternity Nursing Bra BH156 40,4,1,48300
Faber Castell Colour Pencils in Tin Case (Isi 36),36,1,108500
FF JELAJAH SPR 1-3 CHO   BOX800GR NED,14,4,257100
FF JELAJAH SPR 1-3 VAN BOX 800GR,3,1,223209
FF KARYA SPR 4-6 VAN BOX 1200GR NED,16,1,187500
FF KARYA SPR 4-6 VAN BOX 800GR NED,13,3,633000
FF Mama Spr Choco Box 200gr NED,8,3,91704
Fisher Price BNB Soft Ring Teether,21,2,201400
Fisher Price Musical Lion Walker,0,12,2587604
Fitt Day & Night Jumbopack L 24+4,34,96,18025000
Fitti Day & Night Ebox XL 88 pcs,34,87,3709850
Fitti Day & Night Jumbopack M 28+4,12,137,7834650
Fitti Day & Night Jumbopack Xl 22+4,34,53,5712150
Fitti Day & Night MP L 48,10,202,5405485.714
Fitti Day & Night VP L 18+2,5,6,552600
Fitti Day & Night VP M 18+2,34,22,2220000
Fitti Daynight XL 44 Isi 2,37,30,1129080
Fitti DayPants  MP L 48,1,3,90400
Fitti DayPants JP XL 22,38,1,39800
Fitti DayPants MP M 56 Isi 2,35,1,250000
Fitti Daypants Single Pack XL 1(Isi 72),38,1,109400
Fitti DayPants SP L 1's,27,1,1200
Fitti Gold Pants L 50,22,12,1020000
Fitti Gold Pants XL 42,29,3,570000
Fitti Tape RP Rainbow L 9,35,2,490000
Fitti Tape RP Rainbow S 12,35,23,416600
Fitti Tape VP Rainbow S 26,3,7,713800
Flash 'N Learn : Food,20,1,90800
Free Babymax Natural Detergent Travel Size 100ml,27,2,60000
Free Pigeon Baby Wipes Pure Water 82's,28,17,125000
Free Sampling BB Soya 360 gr +Leaflet,16,148,51388.88889
Free Sampling Bebelac Gold Soya 3 150gr,0,31,106896.5517
Free Sleek Baby Laundry Detergent 500ml,27,5,75000
Frisian Baby Tahap 2 400g Susu Formula Usia 6-12 Bulan,9,1,64000
Frisian Flag 123  Jelajah Madu 2000g Box,2,22,1313533.333
Frisian Flag 123  Jelajah Vanila 2000g Box,3,26,939500.4
Frisian Flag 456 Karya Madu 2000g Box,8,1,368200
Frisian Flag 456 Karya Vanila 2000g Box,11,2,876836
Frisian Flag 456 Madu 200g Susu Bubuk Usia 4-6 Tahun,14,1,6300
Frisian Flag Awal Tahap 1 800gr Box,20,16,3805530
Frisian Flag Jelajah 123 Coklat 400gr Box,6,1,42100
Frisian Flag Jelajah 123 Coklat 800gr Box,27,3,683892
Frisian Flag Jelajah 123 Coklat 800gr Box - SP,15,1,1770000
Frisian Flag Jelajah 123 Coklat 800gr Box NED,16,1,638300
Frisian Flag Jelajah 123 Coklat 800gr Box SUBS - SP,15,1,914500
Frisian Flag Jelajah 123 Madu 1200gr Box,0,11,344321.3333
Frisian Flag Jelajah 123 Madu 800gr Box,3,18,1326150
Frisian Flag Jelajah 123 Madu 800gr Box SUBS,39,23,2088000
Frisian Flag Jelajah 123 Vanilla 1200gr Box,6,13,776707.5
Frisian Flag Jelajah 123 Vanilla 400gr Box,32,1,40278
Frisian Flag Jelajah 123 Vanilla 800gr Box,8,2,78486
Frisian Flag Jelajah 123 Vanilla 800gr Box - SP,34,2,452400
Frisian Flag Jelajah 123 Vanilla 800gr Box SUBS,20,127,11414000
Frisian Flag Karya 456 Coklat 800gr Box - SP,15,2,2494000
Frisian Flag Karya 456 Madu 1200gr Box,9,9,898291
Frisian Flag Karya 456 Madu 800gr Box,38,2,368970
Frisian Flag Karya 456 Madu 800gr Box SUBS,29,45,10035000
Frisian Flag Karya 456 Vanilla 1200gr Box,23,6,1011872
Frisian Flag Karya 456 Vanilla 800gr Box NED,15,2,241500
Frisian Flag Karya 456 Vanilla 800gr Box SUBS,29,17,3735000
Frisian Flag Kompleta Coklat 400gr,19,1,62108
Frisian Flag Kompleta Vanila 800gr,19,3,10398600
Frisian Flag Langkah Tahap 2 800gr Box,16,57,4111767.5
Frisian Flag Mama Choco 200gr Box NED,10,1,7687
Frisian Flag Purefarm Fullcream 400gr,19,4,827088
Frisian Flag Purefarm Fullcream 800gr,18,1,258800
Frisian Flag Susu Pertumbuhan 456 Vanila 800gr (flash sale) NED,13,1,2205920
Friso 3 Gold 400gr Tin,22,1,117900
Friso 3 Gold 900gr Tin,21,29,1873125
Friso 3 Gold 900gr Tin NED,15,1,724750
Friso 4 Gold 400gr Tin,10,1,104400
Friso 4 Gold 900gr Tin,17,9,979440
Friso 4 Gold 900gr Tin NED,15,1,794100
Friso 4 Gold 900gr Tin SUBS,42,1,621000
Friso 4 Gold 900gr Tin SUBS NED,13,1,183783
Friso 4 Plain Can 900gr RC NED,14,1,4268160
Frisolac 1 Gold 900gr Tin,8,10,2731747
Frisolac 2 Gold 400gr Tin,38,1,120100
Frisolac 2 Gold 900gr Tin,20,22,27330240
Frisomum Gold 400gr Tin,31,1,78988
Fun Time Alphabet Blocks,39,1,100900
Fun Time My 1st Activity Play Set,39,1,167900
Gabag Big Borneo,17,1,214315
Gabag Kolibri Breastmilk Storage Bag 100cc - Love Story,4,1,29500
Gabag Kolibri Breastmilk Storage Bag 120cc Boba,0,2,31350
Gea Baby Safari Edition - Purple Zebra 120Ml,6,1,53600
Genki Moko Moko Pants M19,14,4,253550
Genki Moko Moko Pants Triple Bebas L17+3,22,2,94200
Genki Moko Moko Pants Triple Bebas M19+2,37,1,30000
Genki Moko Moko Pants Triple Bebas M34+2,37,1,110000
Genki Moko Moko Pants Triple Bebas S22+3,14,1,52800
Goku Spray Disinfektan Aerosol 280ml,10,10,65570
Goo.N Pants L 26+4,19,93,3212100
Goo.N Pants M 32,6,67,1859670.222
Goo.N Pants XL 22,30,38,3612100
Goo.N Pants XXL 19+2,31,31,2709784
Goo.N Premium Pants Massara Sara EC Special Carton (L 40*2pack),4,3,1248000
Goo.N Premium Pants Massara Sara Jumbo L 24,21,1,72200
Goo.N Premium Pants Massara Sara Jumbo M 30,22,1,72200
Goo.N Premium Pants Massara Sara Jumbo XL 22,13,7,258100
Goo.N Premium Pants Massara Sara Super Jumbo L 46,1,23,713971.4286
Goo.N Premium Pants Massara Sara Super Jumbo M 56,0,27,1466525
Goo.N Premium Pants Massara Sara Super Jumbo XL 42,0,58,2140200
Goo.N Premium Pants Massara Sara Super Jumbo XXL 36,0,62,3044740
Goo.N Premium Tape Massara Sara M 34,2,49,4804200
Goo.N Premium Tape Massara Sara NB 42,1,69,4270650
Goo.N Premium Tape Massara Sara S 36,1,23,2009966.667
Goo.N Slim Pants L50 + 6,7,396,6559977.5
Goo.N Slim Pants M62 + 6,9,101,2615679.412
Goo.N Slim Pants XL44 + 4,8,213,4331090.235
Goo.N Slim Pants XXL36 + 4,25,72,3460420
GOO.N Slim Tape M38,10,7,914400
GOO.N Slim Tape NB48,8,101,3072221
GOO.N Slim Tape S44,1,274,5720478.286
Goo.N Smile Baby Night Pants L30,20,10,237405.4286
Goo.N Smile Baby Night Pants M22,5,1,39298
Goo.N Smile Baby Night Pants M34,15,5,106366.6667
Goo.N Smile Baby Night Pants XL26,21,12,192883.1111
Goo.N Smile Baby Pant XXL24,4,92,1451348.167
Goo.N Smile Baby Pants L20,29,1,271200
Goo.N Smile Baby Pants L30,1,803,5688463.92
Goo.N Smile Baby Pants L44,3,53,958590
Goo.N Smile Baby Pants M20,2,1,24600
Goo.N Smile Baby Pants M34,0,677,4476273.704
Goo.N Smile Baby Pants M50,3,59,939172.7273
GOO.N Smile Baby pants S22,28,1,25600
GOO.N Smile Baby pants S40,0,482,3778115.304
Goo.N Smile Baby Pants Single Pack L120,6,22,1837624
Goo.N Smile Baby Pants Single Pack M120,6,15,4242500
Goo.N Smile Baby Pants Single Pack S120,6,15,1769533.333
Goo.N Smile Baby Pants Single Pack XL120,6,28,8228150
Goo.N Smile Baby Pants XL20,29,5,366000
Goo.N Smile Baby Pants XL26,0,453,4630004.6
Goo.N Smile Baby Pants XL38,1,64,1777428.571
Goo.N Smile Baby Pants XXL18,30,2,219000
Happy Baby Organic Greens Puffs 60gr,29,1,65000
Happy Diapers Pants M30 Giraffe,40,1,86500
Head & Shoulders Shampoo Anti Hair Fall 170 ml,18,2,45374
Huggies Dry Pants M 40,11,1,98800
Huggies Dry Pants XL 32,29,2,290400
IKEA Blaska Pengki Dan Sapu Biru,20,1,31750
"IKEA Chosigt Funnel, Set Of 2, Assorted Colours Red",28,1,15085
"Ikea Drabbla Sikat Kecil, Hijau",20,1,21150
IKEA DROPPAR Toples dengan Penutup (o),20,1,42375
IKEA GUBBR√É‚ÄìRA Rubber Spatula White,28,1,21667
IKEA J√ÑMKA Food Container Transparent White Blue 0.5L/ 3pcs,29,1,39900
IKEA Mula N Shape Sorter,36,1,130290
"IKEA Speciell Soup Ladle, Black",28,1,15085
IKEA Stam Potato Peeler Assorted Colours Blue,28,1,15085
IKEA Stam Set Of 4 Measuring Cups Assorted Colours Green,34,1,15000
Ikyusan Organic Baby Air Disinfectant 300ml,4,61,5983400
Ikyusan Organic Baby Hand Sanitizer,11,9,1309500
Image BO Scout Plane Heli Bump Go,27,1,99000
Import Fitti Gold Pants XXL 38,25,12,1028125
Import Fitti Gold Tape JP L 36,18,1,75600
Import Fitti Gold Tape JP S 58,17,6,183600
Infatrini Powder 400g,38,2,454600
Intex 3-D Bob Bags Boxing Red,16,1,45420
IQ Angel Manhattan 12 Teether Rattle Toy,4,1,62400
IQ ANGEL Peekaboo Smart Rattle,17,1,84700
JOHNSON'S Active Kids Clean & Fresh Shampoo 200ml,30,1,19200
JOHNSON'S Active Kids Shiny Drops Conditioner 200ml,9,6,61550
JOHNSON'S Active Kids Shiny Drops Shampoo 200ml,23,1,19800
JOHNSON'S Active Kids Soft and Smooth Shampoo 200 ml,29,1,19200
JOHNSON'S Bedtime Bath 200ml,9,1,18800
JOHNSON'S Bedtime Bath 400ml (Refill),9,4,55151
JOHNSON'S Bedtime Extra Fill 75gr + 25gr,4,2,6300
JOHNSON'S Bedtime ExtraFill 150gr + 50gr,9,1,10700
JOHNSON'S Bedtime Lotion 100ml,4,3,71200
JOHNSON'S Bedtime Lotion 200ml,39,1,25700
JOHNSON'S Blossom Powder 300gr,34,1,127000
JOHNSON'S Blossom Powder 500gr,29,2,33950
JOHNSON'S Blossoms Powder ExtraFill 75gr + 25gr,34,1,6100
JOHNSON'S Blossoms Soap 100gr,33,1,10000
JOHNSON'S Brisa Cologne 100ml,11,2,15114
JOHNSON'S Cotton Touch Baby Face & Body Lotion 200ml,7,6,30540
JOHNSON'S Cotton Touch Baby Top To Toe Bath 200ml,17,3,28400
JOHNSON'S Cotton Touch Baby Top To Toe Bath 500ml,7,6,80966.66667
JOHNSON'S Cream 100gr,3,5,731078
JOHNSON'S Gold Shampoo 200ml,41,1,17200
JOHNSON'S Gold Shampoo 500ml (Refill),2,2,41000
JOHNSON'S Happy Berries Cologne 100ml,3,4,76400
JOHNSON'S Heaven Cologne 100ml,30,2,39000
JOHNSON'S Lotion 100ml,14,3,121800
JOHNSON'S Lotion 200ml,37,1,24100
JOHNSON'S Milk & Rice Bath 400ml (Refill),3,3,92133.33333
JOHNSON'S Milk & Rice Bath 500ml,3,1,42900
JOHNSON'S Milk & Rice Lotion 100ml,11,3,56800
JOHNSON'S Milk Soap 100gr,4,3,15400
JOHNSON'S Morning Dew Cologne 100ml,4,6,43150
JOHNSON'S Oil 125ml,33,1,20400
JOHNSON'S Oil 200ml,4,1,25600
JOHNSON'S Powder 300gr,15,1,11300
JOHNSON'S Slide Cologne 100ml,14,1,20000
JOHNSON'S Starter Kit Baby Gift Set,33,1,89200
JOHNSON'S Summer Swing Cologne 100ml,4,6,709442.6667
JOHNSON'S Top To Toe Wash 100ml,14,1,9800
JOHNSON'S Top To Toe Wash 200ml,23,1,17200
JOHNSON'S Top To Toe Wash 400ml (Refill),25,7,324125
JOHNSON'S Top To Toe Wash 500ml,37,3,350550
Kasur + Bantal Set Blue (52 x 73cm),34,1,88880
Kiyomi Seragam Suster Biru Kerah Putih M,42,1,125000
Kiyomi Seragam Suster Kerah Batik Fucia M,24,1,125000
Kodomo Baby Wet Wipes 50 Sheets Classic Blue,18,6,336550
Kodomo Baby Wet Wipes 50 Sheets Rice Milk Pink,38,1,11900
Kodomo Bodywash Blueberry Botol 200ml,17,1,37200
Kodomo Bodywash Foam Orange Botol 250ml,4,2,23400
Kodomo Bodywash Foam Strawberry Botol 250ml,14,4,31033.33333
Kodomo Shampoo Foam Strawberry 250ml,9,3,22600
Kodomo Shampoo Gel Blueberry Botol 200ml,19,5,20000
Kodomo Shampoo Gel Cherry Botol 200ml,17,1,17800
Kodomo Shower Gel Orange Botol 200ml,10,4,51200
Kodomo Shower Gel Strawberry Botol 200ml,10,7,45550
Kodomo Toothbrush 2in1 Pro Kids 2 Jet Orange-Orange Mint,34,1,25000
Konicare Baby Liquid Powder 125gr,30,1,61600
Konicare Bedak Biang Keringat 80gr,7,2,15200
Konicare Gel Pembersih Tangan 60ml,3,2,21400
Konicare Kayu Putih 125ml,20,1,38992
Konicare Kayu Putih 60ml,21,1,504200
Konicare Kayu Putih Plus 125ml,5,2,47798.5
Konicare Kayu Putih Plus 30ml,28,1,35000
Konicare Paket III,20,2,88622
Konicare Stretch Marks Lotion 60 g,18,2,172220
Konicare Telon 125ml,7,4,63100
Konicare Telon 60ml,24,2,20459
Konicare Telon Plus 125ml,16,3,149365
Konicare Telon Plus 60ml,10,1,23000
Kotex Fresh Liner Regular Aloe Vera (40 pcs),10,5,30455
Kotex Soft & Smooth Maxi Plus Wing (16 pcs),17,1,18100
Kotex Soft & Smooth Slim Wing (16 pcs),28,1,13500
Lactacyd Baby Cleansing and Moisturizing Sabun Bayi 150ml,8,25,335198.75
Lactacyd Baby Cleansing and Moisturizing Sabun Bayi 250ml,8,1,102100
Lactacyd Baby Cleansing and Moisturizing Sabun Bayi 60ml,21,456,496163.9474
Lactacyd Feminine Hygiene Protecting 60ml Promo,27,2,70000
Lactamil Lactasis Vanila Minuman Khusus Ibu Menyusui 400 GR,28,2,101182.5
Ladang Lima Mac n Cheese 115gr,4,1,46000
Ladang Lima Tepung Bumbu 150gr,4,1,16000
Lego Classic Creative Suitcase,31,1,244300
Libby Oblong & Celana Panjang Polos Yellow-S,28,1,31400
Lifebuoy Sabun Batang Lemonfresh Isi 4X110g - SP,10,2,8383.5
Lifebuoy Sabun Cair Lemon Fresh Refill 900ml,16,4,238300
Lifebuoy Sabun Cuci Tangan Total 10 200ml,11,1,13900
Lion Star Botol Saos SK 405 (250 ml) Merah,18,1,9800
Lion Star Gantungan tempel oval (2 pcs) Biru,11,1,9400
Lion Star Gantungan tempel oval (5 pcs) Biru,11,1,9400
Lion Star Livina Sikat WC BO-1 Pink,6,1,20100
Lion Star Pel Tongkat Livina BM-37 Biru,23,1,47273
Lion Star Pressa Container kecil PR-17 Biru,20,1,57000
Lion Star Rak Piring A-7 Hijau,20,1,57100
Lion Star Thermos dengan pegangan 1.2 L Blue,22,1,85111
Little Dots Kaos Kaki London,4,1,21000
Little Palmerhaus Mason WashMitt Grey,17,2,27700
Little Palmerhaus Wash Mitt Pacific Blue,2,1,29500
"Love Beauty & Planet Delicious Glow, Murumuru Butter & Rose Body Lotion 400ml",13,2,94900
"Love Beauty & Planet Majestic Glow, Murumuru Butter & Rose Body Wash 400ml",31,1,31200
"Love Beauty & Planet Smooth and Serene, Argan Oil & Lavender Shampoo 400ml",31,1,42500
Lucky Baby Teether Happy Heart Combo Set I,21,2,99882
Lusty Bunny Feeding Set Gift 6 pcs,14,2,40500
Lusty Bunny Kelambu Tarik Brukat,35,1,42000
Lusty Bunny Perlak Sablon Lion Pink 55cm x 80cm,5,1,35600
Lusty Bunny Puff Bedak Gagang (2pcs),10,1,12200
Lusty Bunny Sikat Botol Busa Dan Sikat Dot Bayi / Pembersih Botol Dan Dot Bayi SK3011,21,1,29000
Lux Sabun Cair Velvet Jasmine Refill 450ml - SP,11,5,167193
Lynea Disney Bottle with Spoon Tipe 2 150ml Pink,35,1,54990
Makarizo Advisor Hair Recovery Pump 50 ml,32,1,39900
Makarizo Advisor Hair Recovery Vitamax 8 ml x 3,14,1,21679
Makarizo Hair Energy Cream Kiwi Extract 30g x 4Sachet,6,1,14944
Makarizo Hair Energy Cream Olive Extract 30g x 4Sachet,9,1,9196
Makarizo Hair Energy Scensations Cherry Blossom 30 ml,16,1,10481
Make-My-Day Baby Bib Bumble Bee,13,1,200900
MAM Pacifier Night 0m+ Sleeping Star Blue,5,1,66500
Mama Lemon Jeruk Nipis Pouch 800ml,17,1,15000
Mama Lemon Pouch 800ml,10,1,12900
Mama Lime Green Tea Pouch 400ml,9,11,10697.5
MamaBear Kukis Almond Oat Rasa Cokelat Chip,1,1,48700
MamaBear Teh Pelancar ASI,2,1,34700
Mamamia Pants S20,27,2,121500
Mamamia Soft Magic Tape M20,27,1,57800
Mamamia Soft Magic Tape S20,27,2,98800
Mamypoko Extra Dry Pants L30 New,0,32,1370203.333
Mamypoko Extra Dry Pants M32,11,31,1316260
Mamypoko Extra Dry Pants S38 New,11,12,733533.3333
Mamypoko Extra Dry Pants XL 26 New,10,50,1763997.143
Mamypoko Extra Dry Pants XXL22 New,3,49,2981200
Mamypoko Junior Night Pants XXL 28 boys,36,1,260600
Mamypoko Junior Night Pants XXXL 24 boys,18,64,4372185
Mamypoko Junior Night Pants XXXL 24 girls,30,18,1604710
Mamypoko Pants  Standar XL38,15,2,236700
Mamypoko Pants  Standar XXL34,33,3,253100
MamyPoko Pants Airfit L 44 Girl,15,5,740200
MamyPoko Pants Airfit XL 38 Boys,30,1,276800
MamyPoko Pants Airfit XL 38 Girl,11,4,633200
MamyPoko Pants L 28 Boys,17,6,230784.4
MamyPoko Pants L 28 Girls,10,8,708933.3333
MamyPoko Pants L 52 Boys,0,70,1840482.308
MamyPoko Pants L 52 Boys -Subs,27,5,1884600
MamyPoko Pants L 52 Girls,0,35,1099670.4
MamyPoko Pants L 52 Girls - Subs,27,4,1553400
MamyPoko Pants M 34 Boys,11,4,115633.3333
MamyPoko Pants M 34 Girls,5,4,110680.5
MamyPoko Pants M 64 Boys,3,30,1012191.5
MamyPoko Pants M 64 Boys - Subs,27,6,1669700
MamyPoko Pants M 64 Girls,0,33,1029876.6
MamyPoko Pants M 64 Girls - Subs,27,6,2117200
MamyPoko Pants S 38,34,2,177800
MamyPoko Pants S 70,11,27,757430.2222
MamyPoko Pants S 70 - Subs,27,6,1445950
MamyPoko Pants Standar L 20,17,1,40000
MamyPoko Pants Standar L 30,17,1,55200
Mamypoko Pants Standar L44,4,3,119061
MamyPoko Pants Standar M 20,37,1,35600
Mamypoko Pants Standar M50,33,3,409500
MamyPoko Pants XL 24 Boys,36,1,88900
MamyPoko Pants XL 46 Boys,0,42,2069591.429
MamyPoko Pants XL 46 Boys - Subs,27,7,1224200
MamyPoko Pants XL 46 Girls -Subs,27,10,1325166.667
MamyPoko Pants XL 46 Grils,2,31,741696.1818
MamyPoko Pants XXL 20 Boys,6,28,2646280
MamyPoko Pants XXL 20 Girls,8,12,2702252
MamyPoko Pants XXL 38 Boys,14,49,3843416.8
MamyPoko Pants XXL 38 Boys -Subs,27,9,2117200
MamyPoko Pants XXL 38 Girls,0,55,3032141.6
MamyPoko Pants XXL 38 Girls - Subs,27,7,1447950
MamyPoko Popok Celana X-tra Kering Slim L 28,6,8,191198.6667
MamyPoko Popok Celana X-tra Kering Slim M 30,31,3,149646
MamyPoko Popok Celana X-tra Kering Slim XL 23,5,6,151055
MamyPoko Sensasi Lembut S26,28,2,84334
MamyPoko Sensasi Lembut S58,10,2,741600
MamyPoko Soft Smooth Wipes Perfumed 20s,2,1,9400
MamyPoko Tape L 40,4,11,721828
MamyPoko Tape L 62,6,6,1486562
MamyPoko Tape L 62 - Subs,30,3,1148100
MamyPoko Tape M 46,0,13,337300.5714
MamyPoko Tape M 72,2,217,4213196.125
MamyPoko Tape M 72 - Subs,25,24,4677100
MamyPoko Tape NB 30,0,12,70141.66667
MamyPoko Tape NB 52,0,52,3852472.571
MamyPoko Tape NB 84,0,386,7085700.176
MamyPoko Tape S 28,0,2,70200
MamyPoko Tape S 50,9,17,632560
MamyPoko Tape S 80,2,364,5364990.053
MamyPoko Tape S 80 - Subs,31,3,1148100
MamyPoko Tape Standar M 40,23,57,4725366.667
MamyPoko Tape Standar NB-S 44,5,359,7777432
MamyPoko Tape XL 34,0,12,1157796
MamyPoko Tape XL 50,6,5,631501
MamyPoko Tape XXL 28,11,1,280200
MamyPoko Tisu Basah Wipes Regular Antiseptik 48 Non Perfume Beli 1 Gratis 1,0,38,92044.44444
MamyPoko Tisu Basah Wipes Regular Antiseptik 48 Perfume Beli 1 Gratis 1,3,20,97433.33333
Maspion Mini Character 12 Cm Star (O),28,1,17000
Master Kids Spray Cologne Spiderman Bottle 100ml,3,1,13500
Maxim VAL36WOK Valentino Wok Teflon 36cm W/O,37,1,133100
Maxim Valentino Frypan 22cm.,28,1,62500
Merah Putih Plain Bath Towel Pink,17,1,34500
Merah Putih Plain Face Towel Yellow,28,1,16200
Merries Pants Good Skin L 44,2,14,371500
Merries Pants Good Skin L-30,0,13,267628.5
Merries Pants Good Skin L44- Karton,1,5,970133.3333
Merries Pants Good Skin M 50,3,10,393385.7143
Merries Pants Good Skin M-34,15,2,132350
Merries Pants Good Skin M50- Karton,15,6,762702.5
Merries Pants Good Skin S-26,28,1,42800
Merries Pants Good Skin S-40,3,4,71273.33333
Merries Pants Good Skin XL-26,4,6,171617
Merries Pants Good Skin XL-38,9,2,313800
Merries Pants Good Skin XL38 - Karton,18,2,489050
Merries Premium Popok Bayi Celana L22,4,88,2431926.714
Merries Premium Popok Bayi Celana M 28,4,44,1630862.222
Merries Premium Popok Bayi Celana XL 19,1,56,2007125.111
Merries Premium Popok Bayi Perekat L 32,23,33,4394657.333
Merries Premium Popok Bayi Perekat M 22,10,1,64600
Merries Premium Popok Bayi Perekat M 38,2,43,1923326.889
Merries Premium Popok Bayi Perekat NB 24,4,125,3209327.538
Merries Premium Popok Bayi Perekat S 24,4,64,4502304.333
Merries Premium Tape NB24 Twin Pack,4,1,142600
Milna Bubur Ayam Sayur 6+ 120gr,39,1,29100
Minyak Ekaliptus Aromatheraphy Lavender 120ml,15,1,37683
Minyak Ekaliptus Aromatheraphy Rose 120ml,21,1,37764
Minyak Kayu Putih Aromatheraphy Caplang 120ml,40,1,42600
Minyak Kayu Putih Aromatheraphy Caplang 30ml,33,1,12400
Minyak Kayu Putih Aromatheraphy Caplang 60ml,33,1,27300
Minyak Kayu Putih Caplang 120ml,8,4,148982
Minyak Kayu Putih Caplang 15ml,10,13,25285
Minyak Kayu Putih Caplang 210ml,14,1,62654
Mitu Baby Bottle Pink 60'S,7,2,13500
Mitu Baby Ganti Popok Blue (50's),16,9,296431.6667
Mitu Baby Ganti Popok Pink (50's),3,6,19180
Mitu Baby Ganti Popok Purple (50's),8,14,28030.6
Mitu Baby Ganti Popok White (50's),26,5,260042.3333
Mitu Baby Pack Antiseptic 50'S,4,13,103351.4286
Mitu Baby Pack Regular Blue 20'S,2,1,1000
Mitu Baby Pack Regular Pink 20'S,16,1,4600
Mitu Baby Shampoo Reff 400ml,11,1,17800
Mitu Shikada Facial Cleansing Wipes 30'S,27,1,15759
Mizo Deluxe Bottle & Nipple Sponge Brush Set,34,3,716300
Molto Pure Pouch 800ml,16,10,58620
Molto Softener Blue Reff (900ml),21,1,12723
Momaey Bantal menyusui Donald Duck New,34,1,110000
Momo Kantong Asi isi 30 Pcs,10,1,36700
Morinaga BMT Platinum Moricare+ 400gr,17,1,150700
Morinaga Chil Kid Gold Madu 400 GR,15,2,154670
Morinaga Chil Kid Madu 800gr Box,5,8,1151776
Morinaga Chil Kid Vanila 800gr Box,5,18,928192
Morinaga Chil School Vanila 400gr Box MKTG,15,3,68400
Morinaga Chil School Vanila 800gr Box,21,18,4107528
Morinaga Chil School Vanila 800gr Box MKTG,15,6,704400
Mustela Bebe 2 in 1 Cleansing gel 200ml,6,2,101200
Mustela Bebe Barrier Cream 50ml,3,4,332864
Mustela Bebe Dermo-Cleansing Gel 500ml New,9,1,160182
Mustela Foam Shampoo For New Born 150 ml,6,1,51152
Mustela Hydra Bebe Facial Cream 40ml,21,1,142737
Mustela Multisensory Bubblebath 200 ml,23,1,115800
Mustela Nourishing Cream With Cold Cream 40 ml,24,1,143000
Mustela Nourishing Lotion With Cold Cream 200 ml - SP,6,1,82720
Mustela Stelatopia Emollient Cream 200ml New,7,3,398415.5
My Baby Bath Telon Plus 200ml,33,1,27800
My Baby Cologne Soft & Gentle 100ml,6,3,15600
My Baby Cologne Sweet Floral 100ml,33,1,16400
My Baby Extra Thick Wipes Anti Bacteri 50's Extra 40% (20's),17,22,190466.6667
My Baby fabric Softener Plus Ironing Aid Soft & Gentle 700ml,25,1,13700
My Baby fabric Softener Plus Ironing Aid Sweet Floral 1500ml,16,2,21000
My Baby fabric Softener Plus Ironing Aid Sweet Floral 700ml,17,1,9400
My Baby Hair & Body Wash Refill 400ml,7,1,23000
My Baby Hand Sanitizer 60ml,3,1,7600
My Baby Kids 2IN1 Cologne 100ML-Blue,4,2,26000
My Baby Lotion Telon Plus 60gr,25,1,16400
My Baby Minyak Telon Plus Longer Protection 60ml,4,10,22961.75
My Baby Minyak Telon Plus Longer Protection 90ml,3,7,150258
My Baby Powder Fresh Fruity 150gr + 38gr,16,1,10388
My Baby Set Blue,19,1,57330
My Baby Set Pink,18,1,19110
My Baby Shampoo Black & Shine 200ml,15,1,89400
My Baby Shampoo Black & Shine Refill 200ml,14,1,12300
My Baby Soap Soft & Gentle 60gr,25,1,7000
My Baby Telon Plus 145ml,3,24,178431.2
My Baby Telon Plus 57ml,3,8,152523.6
My Baby Telon Plus 85ml,1,19,64533.57143
Nepia Genki Tape L 54,4,2,320634.5
Nepia Genki Tape M 64,11,1,209261
Nepia Genki Tape NB 44,5,1,121600
Nepia Genki Tape S 72,26,2,434400
Nestle Lactogrow 4  Madu 750 G ( 3-5 tahun),17,26,6411600
Nestle Lactogrow 4 Madu 750 G ( 3-5 tahun) - SP,15,1,402500
Nivea Creme Jar 50ml,35,1,10800
Nivea Deodorant Dry Comfort Roll - On Female 50ml,35,1,13900
NIVEA EXTRA NIGHT NOURISH SERUM 180ML,17,1,41300
NIVEA EXTRA WHITE RADIANT & SMOOTH LOTION 400ML,28,1,33100
Nivea Men Max Bright Liquid Facial Foam 150ml,27,1,22700
Nivea Men Oil Attack + Bright Liquid Facial Foam 150ml,11,1,9077
Nivea Men Whitening Cooling Volcanic Mud 50ml,40,1,14200
Nuby Soothing Teethers +3Month,15,2,122400
Nutribaby Royal Acti Duo Bio 1 800gr Box,38,1,382800
Nutribaby Royal Soya 2 700gr Tin,4,10,8703896
Nutrilon Royal 3 Acti DuoBio Vanila 400gr Box,15,3,213032
Nutrilon Royal 3 Madu Susu Pertumbuhan Bubuk 1800 GR,3,15,9878400
Nutrilon Royal 3 Madu Susu Pertumbuhan Bubuk 800 GR,21,73,7906333.333
Nutrilon Royal 3 Pronutr Madu 400gr Box,15,2,209522
Nutrilon Royal 3 Vanila Susu Pertumbuhan Bubuk 1800 GR,1,35,4894320
Nutrilon Royal 3 Vanila Susu Pertumbuhan Bubuk 800 GR,7,92,4720311.667
Nutrilon Royal 4 Madu Susu Pertumbuhan Bubuk 800 GR,17,6,1103493.333
Nutrilon Royal 4 Vanila Susu Pertumbuhan Bubuk 1800 GR,2,9,3005600
Nutrilon Royal 4 Vanila Susu Pertumbuhan Bubuk 800 GR,3,33,4028836
Nutrilon Royal Prosyneo 3 Susu Pertumbuhan Bubuk 400 GR,8,17,1067612
Nutrilon Royal Soya 3 Acti Duobio Vanilla 1400gr,18,25,3229632
OMRON Digital Forehead Thermometer MC-720,32,1,549120
OMRON Digital Pencil Thermometer MC-246,30,1,46800
OXO Tot Fork&Spoon Set-Pink,15,1,83129
Palmolive Shower Gel Black Orchid & Milk 500ml,34,2,79296
Palmolive Shower Gel Milk & Honey 500ml,41,1,39648
Pampers Popok Celana L-62 Premium Care,8,1,235600
Pampers Popok Celana S-18 Premium Care,34,2,106800
Pampers Popok Celana XL-21 Premium Care,42,1,225200
Pampers Popok Perekat S-48 Premium Care,6,1,171400
Pampers Premium Care Popok Celana L-62x3,20,1,658800
Pantene Cond 3 Min Miracle Quantum Total Damage Care 180ml,17,1,24368
Pantene Conditioner Total Damage Care 480ml,30,1,51900
Pantene Shampoo Hair Fall Control 480ml,17,1,52880
Pantene Shampoo Hairfall Control Quantum 750ml - SP,13,1,42300
"Peachy Mango, Sweet Potato and Carrot Puree Pouch 6+ 110gr",34,1,29100
Pediasure Triplesure Madu 850gr - SP,15,1,3591000
Pelangi Indonesia : 123,15,2,64000
Pelangi Indonesia : abc cat,15,1,30000
Pelangi Indonesia : Bangau Berbadan Kurus,15,1,21000
Pelangi Indonesia : Burung Berwarna Warni,15,2,42000
Pelangi Indonesia : Gagak Berbulu Hitam,15,2,42000
Pelangi Indonesia : Keajaiban Burung Tanah Liat,15,2,56000
Pelangi Indonesia : Kelelawar Terbang Malam,15,2,42000
Pelangi Indonesia : Pre-Writing 2,10,2,30000
Pelangi Indonesia : Semut Berpinggag Ramping,15,1,21000
Pelangi Indonesia : Ular Tidak Berkaki,15,1,21000
Pepsodent Dbl Care Sikat gigi Soft Multipack Isi¬†2pcs,12,1,17100
Pepsodent Kids Pasta Gigi Awesome Orangre 50gr,6,2,11000
Pepsodent Kids Pasta Gigi Mild Mint 50gr,32,1,6000
Pepsodent Sensitive Expert PAsta gigi Fresh 100g,7,1,92345
Pepsodent Sensitive Expert PAsta gigi gum Care 100g,15,1,21500
Pepsodent Sensitive Expert Pasta Gigi Original 100g NED,6,1,12592
Pepsodent Silver Charcoal Sikat gigi Medium MultiPack Isi 2,4,1,15700
Pepsodent Tooth Brush Dbl Care Clean Rl,11,3,9800
Pepsodent Tooth Brush Dbl Care Clean Soft Blue NED,6,1,7662
Pepsodent Tooth Brush Dbl Care Clean Soft Purple,7,1,38630
Pigeon 2in1 Bottle & Nipple Brush Basic,4,9,274580.8571
Pigeon Antibacterial Wet Tissue Refill 60s,4,2,27250
Pigeon Baby Cologne Chamomile 200ml,3,3,43200
Pigeon Baby Diaper Rash Cream 60gr,4,29,1487000
Pigeon Baby Hair Lotion Chamomile 200ml,23,3,81000
Pigeon Baby Oil With Telon 115ml,3,22,3317700
Pigeon Baby Powder Cake Chamomile 45gr White-Paraben,1,35,4202825
Pigeon Baby Shampoo Chamomile Pouch 350ml,30,1,31066
Pigeon Baby Wash Chamomile 400ml Pump,27,1,35000
Pigeon Baby Wash Chamomile 600ml Refill,0,12,113800
Pigeon Baby Wash Chamomile 700 Ml Pump,37,2,109400
Pigeon Baby Wipes Pure Water  30's,33,1,35600
Pigeon Baby Wipes Pure Water 82's,4,3,46466.66667
Pigeon Botol PP Wide Neck 240 Ml with P-Plus Nipple White,16,3,130900
Pigeon Breastpad Honey Comb (Isi 66),32,71,41492400
Pigeon Cotton Ball,30,1,25200
Pigeon Cotton Swab 100's Small Tip,3,27,474703.3333
Pigeon Cotton Swabs (Isi 100),33,7,93750
Pigeon Feeding Set Mini,4,1,72600
Pigeon Feeding Set With Training Cup,32,22,12742100
Pigeon Feeding Spoon Set,0,2,59000
Pigeon Home Baby Food Maker,32,7,13334200
Pigeon Liquid Cleanser Basic 450ml Refill,14,6,43175
Pigeon Liquid Laundry Detergent 450ml Refill,3,4,41000
Pigeon Mag-Mag All In One Set,4,28,13040100
Pigeon Nose Cleaner Tube Type,25,13,24923000
Pigeon Peristaltic Plus Nipple L (Isi 2),4,21,2608125
Pigeon Peristaltic Plus Nipple M (Isi 2),20,5,7489950
Pigeon Peristaltic Plus Wide Neck Nipple Blister - 3pcs L,4,151,48193525
Pigeon Peristaltic Plus Wide Neck Nipple Blister - 3pcs M,4,25,19041000
Pigeon Peristaltic Plus Wide Neck Nipple Blister - 3pcs S,4,6,6395200
Pigeon Peristaltic Slim Neck Nipple Blister L (Isi 3),17,5,634400
Pigeon Peristaltic Slim Neck Nipple Blister S (Isi 3),17,3,2691000
Pigeon Peristaltic Slim Neck Nipple Blister Y (Isi 3),17,2,466200
Pigeon Peristaltic Slim Neck Nipple L (Isi 2) With Box,4,24,1519875
Pigeon Peristaltic Slim Neck Nipple M (Isi 2),4,18,5071000
Pigeon Peristaltic Slim Neck Nipple S (Isi 2) With Box,17,2,1512000
Pigeon Peristaltic Slim Neck Nipple Y (Isi 2),4,14,2889000
Pigeon Petite Straw Bottle 150ml  - Orange,12,10,426183.3333
Pigeon Petite Straw Bottle 150ml - Blue,9,14,956633.3333
Pigeon Petite Straw Bottle 150ml - Pink,10,19,522006.25
Pigeon Screw Cap + Nipple Cover Wide Light Blue,26,2,1296000
Pigeon Screw Cap + Nipple Cover Wide Pink,26,1,432000
Pigeon Screw Cap + Nipple Cover Wide White,32,3,928200
Pigeon Spoon & Fork Set,32,3,2993000
Pigeon Tissue Hand&Mouth 60s,4,8,171004.6667
Pigeon Toothpaste Orange 45gr,12,10,18150
Pigeon Toothpaste Strawberry 45gr,4,13,24785.71429
Pigeon Training Toothbrush Lesson - 3 Blue,32,3,5560800
Pigeon Training Toothbrush Lesson - 3 Lime Green,17,10,2738733.333
Pigeon Training Toothbrush Set,4,23,7738776
Pigeon Wipes Hand & Mouth 20s,4,2,14200
Pigeon Wipes Pure Water Flip Top 50s,4,1,19800
Plan Toys Dinosaurus,15,1,232800
Pokana Baby Diapers Pants Regular L 20,14,3,36240
Pokana Baby Diapers Pants Regular M 20,37,1,32900
Pokana Baby Diapers Pants Regular S 22,8,3,48450
Pokana Baby Diapers Super Jumbo Pants L 48,21,7,258266.6667
Pokana Baby Diapers Super Jumbo Pants M 58,33,2,137100
Pokana Baby Diapers Super Jumbo Pants XXL 36,24,2,165000
Pokana Hygiene WipesNon Parfum 50s,30,2,10900
Pokana Pants Super Boy M 32,33,1,155400
Pokana Pants Super Girl L 26,16,1,106700
Pokana Pants Super Girl M 32,33,2,231500
Pond'S Men Energy Charge Pembersih Wajah 100g,24,1,26583
Popok Dewasa Lifree Celana  Ekstra Serap - XL 12 Special Box,26,12,4827700
Popok Dewasa Lifree Celana Ekstra Serap - L 16 - Special Box,30,19,7909700
Popok Dewasa Lifree Celana Ekstra Serap - M 20 - Special Box,26,6,1491000
Popok Dewasa Lifree Celana Tipis & Nyaman - M 20 Special Box,19,6,1142355
Promina Bubur Tim Instant Salmon Norwegia,17,1,16000
Promina Cereal Tim Sapi Wortel 120gr,3,1,22164
Promina Sari Pisang Box 120gr,9,1,12100
Promina Sup Mi 12m+,4,1,16000
Promo CBX - Carrier Aton Comfy Include Etu Adapter Grey,36,2,15000
Promo CobyHaus Slide - Lolly,36,1,15000
Promo Cocolatte Stroller CL 536 Flame R- Blissful Tosca,36,5,15000
Promo Ergobaby Four Position 360 Carrier Black/Camel,36,6,30000
Promo GlowyStar Twinkle Play Safari,36,1,15000
Promo Haenim UV Sterilizer & Dryer - Sliver,36,6,15000
Promo Medela Swing Maxi Bundle Set,36,3,15000
Pumpee Baby Scissors,41,1,124800
Pumpee Training Toothbrush Set O,25,1,40392
Pure Baby Kids Fever Free,4,2,25250
Pure Baby Lotion 80 ml,32,1,32900
Pure Baby Shampoo Freshy 230ml,37,1,38800
Pure Baby Wash Fruity 230ml,21,1,36679
Redoxon Fortimun Vitamin & Mineral Rasa Jeruk 10 Tablet,32,2,81600
Rejoice Shampoo 3in1 340ml,11,1,38451
Rejoice Shampoo Rich 600ml - SP,13,1,69600
Rexona Men Anti-Perspirant Deo Roll On Invisible Dry 50ml,40,1,13700
Rexona Women Anti-Perspirant Deo Spray Adv Whitening 150ml,19,1,33200
Rexona Women Anti-Perspirant Deo Spray Shower Clean 150ml,11,4,21570
Rinso Gentle Deterjen Bubuk 700gr,7,7,27700
Rinso Gentle Deterjen Cair 700ml,27,25,377271.4286
Royale Softener Purple Dawn Pouch 900ml,17,1,22800
Rubbermaid Bottle 600ml Rfru Sip Bamboo Grass With Cap,36,1,58100
S-26 NutriSure Gold 900gr,21,8,1929000
S-26 Procal 1400gr Box,20,6,961933.3333
S-26 Procal Gold Tahap 3 400gr Tin,11,5,1587474
S-26 Promil Gold Tahap 2 400gr (Tin),21,1,132600
Sebamed Baby Care Cream 100ml,18,1,124195
Sebamed Baby Cleansing Bar,40,1,141200
Sebamed Baby Cream 50ml,11,1,58500
Sebamed Baby Lotion 200ml,24,2,161956
Sebamed Baby Protective Facial Cream,40,1,255900
SGM Ananda 0-6 Susu Formula 1000 gr,6,91,1675907.857
SGM Ananda 1 (0-6 Bulan) Formula Bayi Bubuk 400 GR,11,21,2913600
SGM Ananda 2 Advance Soya 400gr,25,4,728000
SGM Ananda 2 Advance Soya 700gr,5,25,2412522
SGM Ananda 6-12 Susu Formula 1000 gr,10,128,2846819.091
SGM BBLR Presinutri 400gr Box,27,2,1400000
SGM Eksplor  1+ Madu 400gr Box,6,62,5061000
SGM Eksplor 1+ Complinutri Susu Pertumbuhan Madu 150 Gr,3,41,1703844
SGM Eksplor 1+ Complinutri Susu Pertumbuhan Madu 900 gr,7,177,6899312
SGM Eksplor 1+ Complinutri Susu Pertumbuhan Vanilla 150 Gr,7,15,841872
SGM Eksplor 1+ Complinutri Susu Pertumbuhan Vanilla 600 Gr,10,1,50100
SGM Eksplor 1+ Complinutri Susu Pertumbuhan Vanilla 900 gr,3,144,3932287.5
SGM Eksplor 3+ Complinutri Coklat 400 gr,6,1,33124
SGM Eksplor 3+ Complinutri Susu Pertumbuhan Coklat 900gr,3,2,44894
SGM Eksplor 3+ Complinutri Susu Pertumbuhan Coklat 900gr-SP,13,6,3950800
SGM Eksplor 3+ Complinutri Susu Pertumbuhan Madu 900 gr,7,52,11388000
SGM Eksplor 3+ Complinutri Susu Pertumbuhan Vanilla 900 gr,5,2,72150
SGM Eksplor 5+ Complinutri Susu Pertumbuhan Coklat 900 gr,1,2,292000
SGM Eksplor Soya 1-5 tahun - Madu - 700gr,21,50,1893592.4
SGM Eksplor Soya 1-5 Vanilla 700 gr,17,9,620046
SGM Eksplor Soya Madu 400gr Box,28,6,1042200
SGM Gain 74 200gr,12,3,169092
SGM Gain 74 200gr LOT,34,2,66000
Skiphop Zoo Luggage Monkey,32,1,370000
SkipHop Zoo Pack Unicorn,30,1,296700
Skiphop Zootensils Fork & Spoon Fox,15,1,89200
Skrineer 3 Ply Girl Hijab Masker Isi 5,30,4,340000
Sleek Baby 2 in 1 Hair & Body Foamy Wash 300ml,31,1,32536
Sleek Baby 2 in 1 Hair & Body Liquid Wash 250ml,41,1,20900
Sleek Baby 2 in 1 Hair & Body Liquid Wash 250ml - SP,7,7,196013.5
Sleek Baby Laundry Detergent 1200ml,2,13,67145.45455
Sleek Baby Laundry Detergent 450ml,5,7,23242.85714
Sleek Baby Laundry Detergent 500ml,28,3,30566.66667
Sleek Baby Laundry Detergent Travel Wash 100ml,39,1,10878
"Sleek Bottle, Nipple, & Baby Acc Cleanser 450ml",3,9,40728.57143
"Sleek Bottle, Nipple, and Baby Accessories Cleanser 500ml",2,4,33775
"Sleek Bottle, Nipple, and Baby Accessories Cleanser 900ml",12,6,76148
Sleek Hand Wash Caring 250ml Refill,8,2,141000
Sleek Hand Wash Refreshing 250ml Refill,8,1,14100
Sleek Hand Wash Soothing 250ml Refill,8,2,24600
Sleek Hand Wash Soothing 300ml,31,1,26700
Sleek Handwash Apple Pouch 400ml,3,1,12700
Sleek Handwash Strawberry btl 500ml,5,2,21250
Sleek Handwash Strawberry Pouch 400ml,4,2,37200
So Klin Powdet Softergent Purple Bag (1800g),40,1,70400
Softex Comfort Slim 2 in 1,17,1,16464
Softex Light Airy 29cm 15s,6,1,19800
Soklin Lantai Kuning (Holiday Mood) Pouch 800ml,27,2,16000
Soklin Lantai Pink Pouch 800ml,23,3,12587.5
Soklin Pewangi Sekali Bilas Glamour Ungu Pouch 900ml,42,1,15300
Soklin Softener Merah Botol 1L,22,1,15770
Soklin Softener Sekali Bilas Twilight Blue Pouch 300ml,14,1,7800
Something Sweet Sticker Felt Doggy,35,1,5000
SOS Hand Sanitizer Antiseptic Gel 60ml,5,4,32550
Stimuno Syrup 100ML(OTC),21,2,99600
Sun Beras Merah Box 120gr,17,1,8500
Sunsilk Hijab Refresh & Anti-Dandruff Shampoo 170ml,7,1,19900
Sunsilk Shampoo Black Shine 680ml - Special price,11,2,21475
Sustagen Junior 1+ Vanila 350gr Box,3,4,591536
Sustagen Kid 3+ Vanila 800gr Tin NED,13,2,6578460
Sustagen School 6+ Madu 350gr Box,3,1,51823
Sustagen School 6+ vanila 800gr Tin,21,5,2330400
Susu Bendera 1+ Honey Pouch 150gr,10,1,41088
Susu Bendera 1+ Honey Pouch 600gr,16,1,41600
Susu Bendera 3+ Honey Pouch 360gr,11,2,544968
Susu Bendera 3+ Honey Pouch 600gr,16,7,237750
Susu Bendera 3+ Honey Pouch 600gr NED,11,2,24169
Sweety Baby Wipes Parfumed 80+4's,33,2,24600
Sweety Bronze Pants Super Jumbo M 58,42,1,277500
Sweety Comfort Gold NB 30,3,6,73740
Sweety Gold Pants L 3x28s,29,1,242900
Sweety Gold Pants S 3x36s,15,1,194000
Sweety Pantz Gold M 60,23,3,530100
Sweety Pantz Gold Regular Pack M 34,11,3,262850
Sweety Pantz Gold S 66¬†,16,1,117800
Sweety Pantz Gold XL 44,18,11,1452866.667
Sweety Pantz Gold XXL 36¬†,23,2,706800
Sweety Silver Pants Boys L 3x28,24,2,157400
Sweety Silver Pants Boys M 3x30,4,2,152350
Sweety Silver Pants Boys XL 3x26,31,6,529666.6667
Sweety Silver Pants Boys XXL 3x24,20,4,806800
Sweety Silver Pants Girl M 3x30,16,3,155533.3333
Sweety Silver Pants Girl XL 3x26,23,2,229850
Sweety Silver Pants Girl XXL 3x24,4,1,142500
Sweety Silver Pants L 54's,23,5,1742000
Sweety Silver Pants M 18+2's,15,1,38200
Sweety Silver Pants M 60's¬†,23,3,1045200
Sweety Silver Pants S 32's,8,1,53500
Sweety Silver Pants XL 3x26s,0,8,248450
Sweety Silver Pants XL 44's¬†,23,3,932400
Sweety Silver Pants XXL 3x24s,6,3,898500
Sweety Silver Pants XXL Isi 36 ,23,3,932400
Takoyakids Adorable Polkadot Dress Girl Mint XL,31,1,59000
Takoyakids Aoki Pyjama Sets Dusty Pink 7-8 Year,3,1,129000
Takoyakids Army Denim Boy Pants Green 5,8,2,218000
Takoyakids Asymmetric Top Girl Mint L,1,1,69000
Takoyakids Calla Girl Skirt Pink 1y,24,2,118000
Takoyakids Casual Stretch Trouser Boys Black 1,0,2,138000
Takoyakids Checkered Ribbon Top Girls Black S,24,2,118000
Takoyakids Cherry Girl Tops Pink M,35,1,32700
Takoyakids Cherry Girl Tops Pink S,24,2,118000
Takoyakids Geometri Girl Tops Brick S,24,2,118000
Takoyakids Geometri Girl Tops Mustard M,35,1,32700
Takoyakids Jasmine Embroidery Girl Dress Pink 8,24,2,118000
Takoyakids Jasmine Embroidery Girl Dress Purple 12,35,1,26700
Takoyakids Mizuki Cross Top Set Mint 3-4 Year,4,1,95000
Takoyakids Mizuki Cross Top Set Mint 7-8 Year,4,1,95000
Takoyakids Naomi Chain Girl Dress Cream 2y,35,1,26700
Takoyakids Petra Vest Girl Sets Navy 3,31,1,59000
Takoyakids Pocket Short Girls Khaki L,1,1,69000
Takoyakids Pocket Short Girls Khaki S,24,2,118000
Takoyakids Pocket Short Girls Khaki XL,16,1,89000
Takoyakids Pocket Short Girls White S,35,1,26700
Takoyakids Racquel Girl Dress Latte M,35,1,38700
Takoyakids Sally Knit Girl Cardigan Pink 10,35,1,55000
Tamba Waras Minyak Kutus Kutus 100ml,8,2,225000
Thin Crispy Brownies Homemade Recipe Rocky Chocolate,4,1,18000
Tops Bridge Green Air Filter (Isi 200 Lembar),28,1,70000
Tresemm√© Conditioner Anti Hair Fall 340ml,38,1,39500
Tresemm√© Conditioner Keratin Smooth 170ml,42,1,19200
Tresemm√© Detox Shampoo Deep Cleanse & Protect 170ml,11,1,8455
Tresemm√É¬© Conditioner Scalp Care 340ml,42,1,39700
Tresemm√É¬© Shampoo Anti Hair Fall 670ml,39,2,129000
Tresno Joyo Balsem Telon 20gr,14,6,20700
Tresno Joyo Balsem Telon 40gr,10,1,11300
Tresno Joyo Minyak Telon 100ml Free Minyak Telon 30ml MKTG,33,1,23000
Tresno Joyo Minyak Telon 60ml,29,1,14300
Tresno Joyo Minyak Telon Herbal Plus Citronella 100ml,11,2,19100
Tresno Joyo Minyak Telon Herbal Plus Lavender 60ml,10,4,18471.66667
Trunki Luggage Hello Kitty,31,1,490000
Trunki PaddlePak Penguin - Medium (2-5 yrs),27,1,372002
"Tupperware Purple Sweet Saver Canister 2,6l",17,1,107200
uPang Plus+ Gray Uv Waterless Sterilizer,29,1,4090000
Vaseline Lotion Intensive Care Aloe Soothe 400ml,21,2,80608
Vaseline Repairing Jelly  Original 50ml,8,4,23855.33333
Vaseline Repairing Jelly Original 100ml,38,1,29800
Velvet Jumper Singlet 3 Pcs-NB,4,1,78800
Velvet My 123 Baju & Celana Pendek-Biru-L,28,1,26700
Velvet My 123 Baju & Celana Pendek-Hijau-L,28,1,26700
Velvet My 123 Baju & Celana Pendek-Ungu-L,34,1,26700
Vidoran Ibunda Vanilla Kacang Hijau 350gr,1,2,103800
Vidoran Xmart 1+ Madu 725gr,12,12,2791824
Vidoran Xmart 1+ Vanilla 725gr,25,1,403760
Vidoran Xmart 3+ Madu 1000gr,12,1,317520
Vidoran Xmart 3+ Madu 725gr,33,1,780000
Vidoran Xmart 3+ Vanilla 350gr,15,3,249600
Vidoran Xmart 3+ Vanilla 725gr,12,1,157976
Vixal Pembersih Porselen Biru (800mL),27,1,14500
Vixal Porcelain Cleaner Blue Btl (500mL),7,1,9901
Wellness Baby Cotton Ball 100 Pcs (50 Gram),2,2,15200
Wellness Cotton Ball Mini 100 Gram,4,2,60900
Wellness Cotton Buds Baby (100 pcs),38,1,112200
Wellness Cotton Roll 250gr,34,1,26300
Wellness Cotton Roll 500gr,0,1,52500
Winny Will Tricycle 642,17,1,114500
Wonderchild Crown Tutu Jumper Yellow-New Born,17,1,146200
Yummy Bites Rice Crackers Original 6+ 50gr,0,1,27600
Yummy Bites Rice Crackers Strawberry 6+ 50gr,0,1,26800
Yummy Bites Yogurt Melts Banana & Honey 20gr,32,1,31000
Yummy Bites Yogurt Melts Gold Kiwi 20gr,22,1,59750
Yummy Bites Yogurt Melts Mixed Berries 20gr,22,2,90750
Yummy Bites Yogurt Melts Strawberry 20gr,23,2,30500
Zuna Masker Polos 2ply,22,1,21600
Zwitsal Baby Bar Soap Classic 70gr,4,128,818250
Zwitsal Baby Bar Soap Natural Milk and Honey 70gr,2,195,364594.6667
Zwitsal Baby Bath And Health & Beauty+Clean (450+85)ml,3,11,923375
Zwitsal Baby Bath Classic 300ml,19,1,27000
Zwitsal Baby Bath Hair & Body 300ml,4,12,228480
Zwitsal Baby Bath Hair & Body 300ml Get Free Bowl,23,103,727253.3333
Zwitsal Baby Bath Hair And Body Aloe Vera 200ml + Free Zwitsal Detergent 40ml,27,35,1548000
Zwitsal Baby Bath Milk and Honey 250ml,1,19,148387.5
Zwitsal Baby Bath Natural Minyak Telon 200ml,4,3,25500
Zwitsal Baby Bath Rich Honey 450ml Get free Zwitsal Baby Shampoo 100ml,32,13,435337.5
Zwitsal Baby Bottle Cleaner 750ml,4,38,213452.6316
Zwitsal Baby Bottle Cleaner 750ml Free Baby Bottle & Utensils Cleaner 135ml,0,1,21300
Zwitsal Baby Cologne Fresh Floral 100ml NEW,4,24,139869.0769
Zwitsal Baby Fabric Detergent 750ml,0,26,40072.22222
Zwitsal Baby Fabric Softener 425ml,4,11,44457.14286
"Zwitsal Baby Hair Lotion aloe vera, kemiri & seledri 100ml",3,44,145298.4
Zwitsal Baby Liquid Powder 100ml,0,183,1147582.353
Zwitsal Baby Lotion Aloe vera 100ml Tub,10,9,204340.3333
Zwitsal Baby Mini Travel Pack,2,109,875236.5
Zwitsal Baby Natural Minyak Telon 60ml,1,33,93948
Zwitsal Baby Powder Aloe Vera 300gr,15,3,569184
Zwitsal Baby Round Box,4,36,1650321.714
Zwitsal Baby Shampoo Aloe Vera Kemiri Seledri 250ml + Free Zwitsal Detergent 40ml,4,13,40500
Zwitsal Baby Shampoo Classic Pouch 450ml,11,1,25284
Zwitsal Baby Shampoo Classic RL 200ml,4,1,15800
Zwitsal Baby Shampoo Natural Aloe Vera Pouch 250ml,9,5,49289
Zwitsal Baby Shampoo Natural Aloe Vera Pouch 450ml,1,11,58624.90909
Zwitsal Baby Spa Gift Box New,1,260,5727775
Zwitsal Baby Spa Small Box,4,3,54533.33333
Zwitsal Classic Baby Bath 100ml Tub,10,2,16200
Zwitsal Classic Baby Bath 100ml Tub - SP,13,1,32238
Zwitsal Classic Baby Lotion Aloe Vera 200ml Tub,0,57,206469.2308
Zwitsal Classic Baby Powder Fresh Floral 300gr Tub,6,3,14133.33333
Zwitsal Classic Baby Powder Fresh Floral 500gr Tub,22,2,22450
Zwitsal Classic Baby Powder Soft Floral 100gr,2,10,41580
Zwitsal Classic Baby Powder Soft Floral 300gr Tub,27,2,14254
Zwitsal Eau De Toilette Body Mist 100ml,2,151,5945940
Zwitsal Extra Care Baby Cream with Zync 100ml Tub,3,34,886212.6667
Zwitsal Extra Care Baby Cream with Zync 50ml Tub,1,47,488711.1111
Zwitsal Kids 2 In 1 Sabun Mandi Cair Anak Natural And Nourish 280ml,1,6,45650
Zwitsal Kids 2 In 1 Sabun Mandi Cair Anak Soft And Moisturizing 250ml,2,6,29140
Zwitsal Kids 2 In 1 Sabun Mandi Cair Anak Soft And Moisturizing 280ml,18,1,19200
Zwitsal Kids Bath Action Pump 280ml NEW,34,3,19700
Zwitsal Kids Bath Beauty Pump 280ml NEW,18,3,28650
Zwitsal Kids Body Mist Fresh Touch 100ml,1,16,19766.66667
Zwitsal Kids Body Mist Soft Touch 100ml,14,1,11300
Zwitsal Kids Bubble Bath Blue Clean & Fresh 250ml,3,16,47630
Zwitsal Kids Bubble Bath Blue Clean & Fresh 280ml,8,10,50530
Zwitsal Kids Bubble Bath Pink Soft & Moisturizing 250ml,9,1,28800
Zwitsal Kids Bubble Bath Pink Soft & Moisturizing 280ml,1,11,63655.55556
Zwitsal Kids Hair Lotion Natural And Nourisihing 100ml,2,97,175710.5263
Zwitsal Kids Hair Lotion Soft And Moisturizing 100ml,2,18,174775
Zwitsal Kids Shampoo Action Blue 180ml NEW,17,4,17050
Zwitsal Kids Shampoo Action Green 180ml NEW,10,1,22600
Zwitsal Kids Shampoo Beauty Pink 180ml NEW,15,1,11500
Zwitsal Kids shampoo Blue Clean & Fresh 180ml,5,10,33650
Zwitsal Kids Shampoo Green Natural & Nourishing Care 180ml,9,3,31300
Zwitsal Kids Shampoo Green Natural & Nourishing Care 180ml + Free Ring,2,1,12500
Zwitsal Kids shampoo Pink Soft & Moisturizing 180ml,1,4,32600
Zwitsal Natural Baby Bath 2in1 450ml Free Hair Lotion,14,121,2891392.889
Zwitsal Natural Baby Bath 2in1 450ml Free Lock n Lock,3,76,525600
Zwitsal Natural Baby Bath 2in1 Hair & Body 100ml,26,4,103705
Zwitsal Natural Baby Bath 2in1 Hair & Body 200ml Tub,19,1,18500
Zwitsal Natural Baby Bath 2in1 Hair & Body Pouch 450ml,0,62,140891.3077
Zwitsal Natural Baby Bath Milk & Honey Isi 300ml Pump,27,7,210000
Zwitsal Natural Baby Bath Milk & Honey Pouch 450ml,1,48,206855.7143
Zwitsal Natural Baby Bath Minyak Telon 250ml,1,13,154542.8571
Zwitsal Natural Baby Bath with Minyak Telon 300ml Pump,17,4,23375
Zwitsal Natural Baby Cologne Floral Kisses 100ml,37,1,16700
Zwitsal Natural Baby Cologne Soft Touch 100ml,9,45,566466.6667
Zwitsal Natural Baby Hair Lotion Aloe Vera 200ml Tub,4,54,180178.6364
Zwitsal Natural Baby Milky Bath Rich Honey 300ml Pump,4,11,36232.5
Zwitsal Natural Baby Minyak Telon 100ml,0,107,241236.64
Zwitsal Natural Baby Oil 100ml,3,7,22280
Zwitsal Natural Baby Powder Milk & Honey 300gr,2,19,247212.8
Zwitsal Natural Baby Shampoo Aloe Vera 100ml Tub,4,9,9400
Zwitsal Natural Baby Shampoo Aloe Vera 300ml Pump,1,23,49883.6
Zwitsal Natural Baby Skin Protector Lotion 100ml Tub,5,81,698120.3529
Zwitsal Natural Baby Skin Protector Lotion 50ml Tub,2,37,212167.2727
Zwitsal Natural Basic Pack,1,23,77706.76923